,SAMPLES,Cortisol NORM,Melatonin NORM
1,before sleep,0.03413658437296166,1.738384525811876e-08
2,wake up,0.0779386572111231,6.747893015989304e-09
