,SAMPLES,Cortisol NORM,Melatonin NORM
1,before sleep,0.03510608101431977,3.334482105945399e-09
2,wake up,0.08643720798898966,3.820310333100774e-09
