,SAMPLES,Cortisol NORM,Melatonin NORM
1,before sleep,0.1557773655955828,3.5428038353519674e-09
2,wake up,0.14543146081911013,8.639987573172451e-09
