,SAMPLES,Cortisol NORM,Melatonin NORM
1,before sleep,0.012141838452380135,5.714438883587141e-09
2,wake up,0.0437991132087298,3.6033241826263253e-09
