,SAMPLES,Cortisol NORM,Melatonin NORM
1,before sleep,0.012017096831150608,1.6299070786921561e-09
2,wake up,0.06289143772085255,1.495652826356372e-09
