,SAMPLES,Cortisol NORM,Melatonin NORM
1,before sleep,0.020206472872697515,1.016153785741198e-08
2,wake up,0.05707485189418439,1.2173971861645536e-08
