,SAMPLES,Cortisol NORM,Melatonin NORM
1,before sleep,0.012278292396228779,1.9022681325063536e-09
2,wake up,0.0341909745164604,2.295932620401851e-09
