,SAMPLES,Cortisol NORM,Melatonin NORM
1,before sleep,0.01841354646568033,2.7281985462390175e-09
2,wake up,0.03324941556083192,8.283801713774506e-10
