,SAMPLES,Cortisol NORM,Melatonin NORM
1,before sleep,0.018303668354776183,4.379330559251177e-09
2,wake up,0.09526942858981925,1.5299486171050577e-08
