,SAMPLES,Cortisol NORM,Melatonin NORM
1,before sleep,0.013820146912500946,4.885482834455833e-09
2,wake up,0.04700681610567539,4.6385336071704305e-09
