,SAMPLES,Cortisol NORM,Melatonin NORM
1,before sleep,0.02230994593583377,2.39623887716271e-08
2,wake up,0.08951607556506078,1.0967771781688542e-08
