,SAMPLES,Cortisol NORM,Melatonin NORM
1,before sleep,0.03704592162758161,8.66961066282602e-09
2,wake up,0.01965878185490812,2.5737950701140948e-09
