,SAMPLES,Cortisol NORM,Melatonin NORM
1,before sleep,0.015038567199759677,1.1260093680300743e-08
2,wake up,0.08188798460100474,8.363179420006797e-09
