,SAMPLES,Cortisol NORM,Melatonin NORM
1,before sleep,0.015788132212362648,6.110973483283701e-09
2,wake up,0.039235051037397155,4.2555789027925005e-09
