,SAMPLES,Cortisol NORM,Melatonin NORM
1,before sleep,0.01945606811164201,6.9235904181048484e-09
2,wake up,0.042941020054470744,0.0
