,SAMPLES,Cortisol NORM,Melatonin NORM
1,before sleep,0.015166359518830802,1.3846606145813964e-08
2,wake up,0.06849430952268519,5.730512082965038e-09
