,SAMPLES,Cortisol NORM,Melatonin NORM
1,before sleep,0.021186039678578364,1.676341850614535e-08
2,wake up,0.2612515194131761,2.8539049159022605e-08
