,SAMPLES,Cortisol NORM,Melatonin NORM
1,before sleep,0.025967863126526044,5.593341876107185e-09
2,wake up,0.08055964053783438,7.385992111612671e-09
