,SAMPLES,Cortisol NORM,Melatonin NORM
1,before sleep,0.02057931560497804,2.6070410636062547e-09
2,wake up,0.04293908421029763,1.1942195649663917e-09
