,SAMPLES,Cortisol NORM,Melatonin NORM
1,before sleep,0.0405922989894725,2.0380766507559114e-09
2,wake up,0.015572358466104568,9.653475934693836e-09
