,SAMPLES,Cortisol NORM,Melatonin NORM
1,before sleep,0.02377191995432043,2.1497469221172887e-08
2,wake up,0.0417243467902209,8.055609548803255e-09
